,title,link,published,summary
0,Russia-Linked Hackers Target Tajikistan Government with Weaponized Word Documents,https://thehackernews.com/2025/05/russia-linked-hackers-target-tajikistan.html,"Tue, 27 May 2025 12:24:00 +0530","The Russia-aligned threat actor known as TAG-110 has been observed conducting a spear-phishing campaign targeting Tajikistan using macro-enabled Word templates as an initial payload.
The attack chain is a departure from the threat actor's previously documented use of an HTML Application (.HTA) loader dubbed HATVIBE, Recorded Future's Insikt Group said in an analysis.
""Given TAG-110's historical"
1,Over 70 Malicious npm and VS Code Packages Found Stealing Data and Crypto,https://thehackernews.com/2025/05/over-70-malicious-npm-and-vs-code.html,"Mon, 26 May 2025 19:47:00 +0530","As many as 60 malicious npm packages have been discovered in the package registry with malicious functionality to harvest hostnames, IP addresses, DNS servers, and user directories to a Discord-controlled endpoint.
The packages, published under three different accounts, come with an install?time script that's triggered during npm install, Socket security researcher Kirill Boychenko said in a"
2,CISO's Guide To Web Privacy Validation And Why It's Important,https://thehackernews.com/2025/05/cisos-guide-to-web-privacy-validation.html,"Mon, 26 May 2025 16:55:00 +0530","Are your web privacy controls protecting your users, or just a box-ticking exercise? This CISO’s guide provides a practical roadmap for continuous web privacy validation that’s aligned with real-world practices.
As regulators ramp up enforcement and users grow more privacy-aware, CISOs face a mounting"
3,"? Weekly Recap: APT Campaigns, Browser Hijacks, AI Malware, Cloud Breaches and Critical CVEs",https://thehackernews.com/2025/05/weekly-recap-apt-campaigns-browser.html,"Mon, 26 May 2025 14:53:00 +0530","Cyber threats don't show up one at a time anymore. They’re layered, planned, and often stay hidden until it’s too late.
For cybersecurity teams, the key isn’t just reacting to alerts—it’s spotting early signs of trouble before they become real threats. This update is designed to deliver clear, accurate insights based on real patterns and changes we can verify. With today’s complex systems, we"
4,Hackers Use Fake VPN and Browser NSIS Installers to Deliver Winos 4.0 Malware,https://thehackernews.com/2025/05/hackers-use-fake-vpn-and-browser-nsis.html,"Sun, 25 May 2025 13:06:00 +0530","Cybersecurity researchers have disclosed a malware campaign that uses fake software installers masquerading as popular tools like LetsVPN and QQ Browser to deliver the Winos 4.0 framework.
The campaign, first detected by Rapid7 in February 2025, involves the use of a multi-stage, memory-resident loader called Catena.
""Catena uses embedded shellcode and configuration switching logic to stage"
5,Hackers Use TikTok Videos to Distribute Vidar and StealC Malware via ClickFix Technique,https://thehackernews.com/2025/05/hackers-use-tiktok-videos-to-distribute.html,"Fri, 23 May 2025 22:54:00 +0530","The malware known as Latrodectus has become the latest to embrace the widely-used social engineering technique called ClickFix as a distribution vector.
""The ClickFix technique is particularly risky because it allows the malware to execute in memory rather than being written to disk,"" Expel said in a report shared with The Hacker News. ""This removes many opportunities for browsers or security"
6,"ViciousTrap Uses Cisco Flaw to Build Global Honeypot from 5,300 Compromised Devices",https://thehackernews.com/2025/05/vicioustrap-uses-cisco-flaw-to-build.html,"Fri, 23 May 2025 18:19:00 +0530","Cybersecurity researchers have disclosed that a threat actor codenamed ViciousTrap has compromised nearly 5,300 unique network edge devices across 84 countries and turned them into a honeypot-like network.
The threat actor has been observed exploiting a critical security flaw impacting Cisco Small Business RV016, RV042, RV042G, RV082, RV320, and RV325 Routers (CVE-2023-20118) to corral them into"
7,300 Servers and €3.5M Seized as Europol Strikes Ransomware Networks Worldwide,https://thehackernews.com/2025/05/300-servers-and-35m-seized-as-europol.html,"Fri, 23 May 2025 16:15:00 +0530","As part of the latest ""season"" of Operation Endgame, a coalition of law enforcement agencies have taken down about 300 servers worldwide, neutralized 650 domains, and issued arrest warrants against 20 targets.
Operation Endgame, first launched in May 2024, is an ongoing law enforcement operation targeting services and infrastructures assisting in or directly providing initial or consolidating"
8,SafeLine WAF: Open Source Web Application Firewall with Zero-Day Detection and Bot Protection,https://thehackernews.com/2025/05/safeline-waf-open-source-web.html,"Fri, 23 May 2025 16:00:00 +0530","From zero-day exploits to large-scale bot attacks — the demand for a powerful, self-hosted, and user-friendly web application security solution has never been greater.
SafeLine is currently the most starred open-source Web Application Firewall (WAF) on GitHub, with over 16.4K stars and a rapidly growing global user base.
This walkthrough covers what SafeLine is, how it works, and why it’s"
9,"U.S. Dismantles DanaBot Malware Network, Charges 16 in $50M Global Cybercrime Operation",https://thehackernews.com/2025/05/us-dismantles-danabot-malware-network.html,"Fri, 23 May 2025 12:33:00 +0530","The U.S. Department of Justice (DoJ) on Thursday announced the disruption of the online infrastructure associated with DanaBot (aka DanaTools) and unsealed charges against 16 individuals for their alleged involvement in the development and deployment of the malware, which it said was controlled by a Russia-based cybercrime organization.
The malware, the DoJ said, infected more than 300,000"
10,CISA Warns of Suspected Broader SaaS Attacks Exploiting App Secrets and Cloud Misconfigs,https://thehackernews.com/2025/05/cisa-warns-of-suspected-broader-saas.html,"Fri, 23 May 2025 10:46:00 +0530","The U.S. Cybersecurity and Infrastructure Security Agency (CISA) on Thursday revealed that Commvault is monitoring cyber threat activity targeting applications hosted in their Microsoft Azure cloud environment.
""Threat actors may have accessed client secrets for Commvault's (Metallic) Microsoft 365 (M365) backup software-as-a-service (SaaS) solution, hosted in Azure,"" the agency said.
""This"
11,GitLab Duo Vulnerability Enabled Attackers to Hijack AI Responses with Hidden Prompts,https://thehackernews.com/2025/05/gitlab-duo-vulnerability-enabled.html,"Fri, 23 May 2025 10:04:00 +0530","Cybersecurity researchers have discovered an indirect prompt injection flaw in GitLab's artificial intelligence (AI) assistant Duo that could have allowed attackers to steal source code and inject untrusted HTML into its responses, which could then be used to direct victims to malicious websites.
GitLab Duo is an artificial intelligence (AI)-powered coding assistant that enables users to write,"
12,Chinese Hackers Exploit Trimble Cityworks Flaw to Infiltrate U.S. Government Networks,https://thehackernews.com/2025/05/chinese-hackers-exploit-trimble.html,"Thu, 22 May 2025 20:36:00 +0530","A Chinese-speaking threat actor tracked as UAT-6382 has been linked to the exploitation of a now-patched remote-code-execution vulnerability in Trimble Cityworks to deliver Cobalt Strike and VShell.
""UAT-6382 successfully exploited CVE-2025-0944, conducted reconnaissance, and rapidly deployed a variety of web shells and custom-made malware to maintain long-term access,"" Cisco Talos researchers"
13,Critical Windows Server 2025 dMSA Vulnerability Enables Active Directory Compromise,https://thehackernews.com/2025/05/critical-windows-server-2025-dmsa.html,"Thu, 22 May 2025 18:05:00 +0530","A privilege escalation flaw has been demonstrated in Windows Server 2025 that makes it possible for attackers to compromise any user in Active Directory (AD).
""The attack exploits the delegated Managed Service Account (dMSA) feature that was introduced in Windows Server 2025, works with the default configuration, and is trivial to implement,"" Akamai security researcher Yuval Gordon said in a"
14,Chinese Hackers Exploit Ivanti EPMM Bugs in Global Enterprise Network Attacks,https://thehackernews.com/2025/05/chinese-hackers-exploit-ivanti-epmm.html,"Thu, 22 May 2025 17:37:00 +0530","A recently patched pair of security flaws affecting Ivanti Endpoint Manager Mobile (EPMM) software has been exploited by a China-nexus threat actor to target a wide range of sectors across Europe, North America, and the Asia-Pacific region.
The vulnerabilities, tracked as CVE-2025-4427 (CVSS score: 5.3) and CVE-2025-4428 (CVSS score: 7.2), could be chained to execute arbitrary code on a"
15,Webinar: Learn How to Build a Reasonable and Legally Defensible Cybersecurity Program,https://thehackernews.com/2025/05/webinar-learn-how-to-build-reasonable.html,"Thu, 22 May 2025 16:55:00 +0530","It’s not enough to be secure. In today’s legal climate, you need to prove it.
Whether you’re protecting a small company or managing compliance across a global enterprise, one thing is clear: cybersecurity can no longer be left to guesswork, vague frameworks, or best-effort intentions.
Regulators and courts are now holding organizations accountable for how “reasonable” their security programs are"
16,Identity Security Has an Automation Problem—And It's Bigger Than You Think,https://thehackernews.com/2025/05/identity-security-has-automation.html,"Thu, 22 May 2025 16:41:00 +0530","For many organizations, identity security appears to be under control. On paper, everything checks out. But new research from Cerby, based on insights from over 500 IT and security leaders, reveals a different reality: too much still depends on people—not systems—to function. In fact, fewer than 4% of security teams have fully automated their core identity workflows.
Core workflows, like"
17,Critical Versa Concerto Flaws Let Attackers Escape Docker and Compromise Hosts,https://thehackernews.com/2025/05/unpatched-versa-concerto-flaws-let.html,"Thu, 22 May 2025 16:36:00 +0530","Cybersecurity researchers have uncovered multiple critical security vulnerabilities impacting the Versa Concerto network security and SD-WAN orchestration platform that could be exploited to take control of susceptible instances.
It's worth noting that the identified shortcomings remain unpatched despite responsible disclosure on February 13, 2025, prompting a public release of the issues"
18,FBI and Europol Disrupt Lumma Stealer Malware Network Linked to 10 Million Infections,https://thehackernews.com/2025/05/fbi-and-europol-disrupt-lumma-stealer.html,"Thu, 22 May 2025 13:54:00 +0530","A sprawling operation undertaken by global law enforcement agencies and a consortium of private sector firms has disrupted the online infrastructure associated with a commodity information stealer known as Lumma (aka LummaC or LummaC2), seizing 2,300 domains that acted as the command-and-control (C2) backbone to commandeer infected Windows systems.
""Malware like LummaC2 is deployed to steal"
19,Russian Hackers Exploit Email and VPN Vulnerabilities to Spy on Ukraine Aid Logistics,https://thehackernews.com/2025/05/russian-hackers-exploit-email-and-vpn.html,"Wed, 21 May 2025 23:36:00 +0530","Russian cyber threat actors have been attributed to a state-sponsored campaign targeting Western logistics entities and technology companies since 2022.
The activity has been assessed to be orchestrated by APT28 (aka BlueDelta, Fancy Bear, or Forest Blizzard), which is linked to the Russian General Staff Main Intelligence Directorate (GRU) 85th Main Special Service Center, Military Unit 26165."
20,"PureRAT Malware Spikes 4x in 2025, Deploying PureLogs to Target Russian Firms",https://thehackernews.com/2025/05/purerat-malware-spikes-4x-in-2025.html,"Wed, 21 May 2025 18:40:00 +0530","Russian organizations have become the target of a phishing campaign that distributes malware called PureRAT, according to new findings from Kaspersky.
""The campaign aimed at Russian business began back in March 2023, but in the first third of 2025 the number of attacks quadrupled compared to the same period in 2024,"" the cybersecurity vendor said.
The attack chains, which have not been"
21,Fake Kling AI Facebook Ads Deliver RAT Malware to Over 22 Million Potential Victims,https://thehackernews.com/2025/05/fake-kling-ai-facebook-ads-deliver-rat.html,"Wed, 21 May 2025 17:45:00 +0530","Counterfeit Facebook pages and sponsored ads on the social media platform are being employed to direct users to fake websites masquerading as Kling AI with the goal of tricking victims into downloading malware.
Kling AI is an artificial intelligence (AI)-powered platform to synthesize images and videos from text and image prompts. Launched in June 2024, it's developed by Kuaishou Technology,"
22,Securing CI/CD workflows with Wazuh,https://thehackernews.com/2025/05/securing-cicd-workflows-with-wazuh.html,"Wed, 21 May 2025 16:55:00 +0530","Continuous Integration and Continuous Delivery/Deployment (CI/CD) refers to practices that automate how code is developed and released to different environments. CI/CD pipelines are fundamental in modern software development, ensuring code is consistently tested, built, and deployed quickly and efficiently.
While CI/CD automation accelerates software delivery, it can also introduce security"
23,How to Detect Phishing Attacks Faster: Tycoon2FA Example,https://thehackernews.com/2025/05/how-to-detect-phishing-attacks-faster.html,"Wed, 21 May 2025 16:00:00 +0530","It takes just one email to compromise an entire system. A single well-crafted message can bypass filters, trick employees, and give attackers the access they need. Left undetected, these threats can lead to credential theft, unauthorized access, and even full-scale breaches. As phishing techniques become more evasive, they can no longer be reliably caught by automated solutions alone.
Let’s take"
24,Researchers Expose PWA JavaScript Attack That Redirects Users to Adult Scam Apps,https://thehackernews.com/2025/05/researchers-expose-pwa-javascript.html,"Wed, 21 May 2025 14:31:00 +0530","Cybersecurity researchers have discovered a new campaign that employs malicious JavaScript injections to redirect site visitors on mobile devices to a Chinese adult-content Progressive Web App (PWA) scam.
""While the payload itself is nothing new (yet another adult gambling scam), the delivery method stands out,"" c/side researcher Himanshu Anand said in a Tuesday analysis.
""The malicious landing"
25,Google Chrome's Built-in Manager Lets Users Update Breached Passwords with One Click,https://thehackernews.com/2025/05/google-chrome-can-now-auto-change.html,"Wed, 21 May 2025 12:41:00 +0530","Google has announced a new feature in its Chrome browser that lets its built-in Password Manager automatically change a user's password when it detects the credentials to be compromised.
""When Chrome detects a compromised password during sign in, Google Password Manager prompts the user with an option to fix it automatically,"" Google's Ashima Arora, Chirag Desai, and Eiji Kitamura said. ""On"
26,"Hazy Hawk Exploits DNS Records to Hijack CDC, Corporate Domains for Malware Delivery",https://thehackernews.com/2025/05/hazy-hawk-exploits-dns-records-to.html,"Tue, 20 May 2025 21:23:00 +0530","A threat actor known as Hazy Hawk has been observed hijacking abandoned cloud resources of high-profile organizations, including Amazon S3 buckets and Microsoft Azure endpoints, by leveraging misconfigurations in the Domain Name System (DNS) records.
The hijacked domains are then used to host URLs that direct users to scams and malware via traffic distribution systems (TDSes), according to"
27,"100+ Fake Chrome Extensions Found Hijacking Sessions, Stealing Credentials, Injecting Ads",https://thehackernews.com/2025/05/100-fake-chrome-extensions-found.html,"Tue, 20 May 2025 20:31:00 +0530","An unknown threat actor has been attributed to creating several malicious Chrome Browser extensions since February 2024 that masquerade as seemingly benign utilities but incorporate covert functionality to exfiltrate data, receive commands, and execute arbitrary code.
""The actor creates websites that masquerade as legitimate services, productivity tools, ad and media creation or analysis"
28,AWS Default IAM Roles Found to Enable Lateral Movement and Cross-Service Exploitation,https://thehackernews.com/2025/05/aws-default-iam-roles-found-to-enable.html,"Tue, 20 May 2025 18:12:00 +0530","Cybersecurity researchers have discovered risky default identity and access management (IAM) roles impacting Amazon Web Services that could open the door for attackers to escalate privileges, manipulate other AWS services, and, in some cases, even fully compromise AWS accounts.
""These roles, often created automatically or recommended during setup, grant overly broad permissions, such as full S3"
29,The Crowded Battle: Key Insights from the 2025 State of Pentesting Report,https://thehackernews.com/2025/05/the-crowded-battle-key-insights-from.html,"Tue, 20 May 2025 16:30:00 +0530","In the newly released 2025 State of Pentesting Report, Pentera surveyed 500 CISOs from global enterprises (200 from within the USA) to understand the strategies, tactics, and tools they use to cope with the thousands of security alerts, the persisting breaches and the growing cyber risks they have to handle. The findings reveal a complex picture of progress, challenges, and a shifting mindset"
30,South Asian Ministries Hit by SideWinder APT Using Old Office Flaws and Custom Malware,https://thehackernews.com/2025/05/south-asian-ministries-hit-by.html,"Tue, 20 May 2025 16:27:00 +0530","High-level government institutions in Sri Lanka, Bangladesh, and Pakistan have emerged as the target of a new campaign orchestrated by a threat actor known as SideWinder.
""The attackers used spear phishing emails paired with geofenced payloads to ensure that only victims in specific countries received the malicious content,"" Acronis researchers Santiago Pontiroli, Jozsef Gegeny, and Prakas"
31,Chinese Hackers Deploy MarsSnake Backdoor in Multi-Year Attack on Saudi Organization,https://thehackernews.com/2025/05/chinese-hackers-deploy-marssnake.html,"Tue, 20 May 2025 15:02:00 +0530","Threat hunters have exposed the tactics of a China-aligned threat actor called UnsolicitedBooker that targeted an unnamed international organization in Saudi Arabia with a previously undocumented backdoor dubbed MarsSnake.
ESET, which first discovered the hacking group's intrusions targeting the entity in March 2023 and again a year later, said the activity leverages spear-phishing emails using"
32,Go-Based Malware Deploys XMRig Miner on Linux Hosts via Redis Configuration Abuse,https://thehackernews.com/2025/05/go-based-malware-deploys-xmrig-miner-on.html,"Tue, 20 May 2025 13:55:00 +0530","Cybersecurity researchers are calling attention to a new Linux cryptojacking campaign that's targeting publicly accessible Redis servers.
The malicious activity has been codenamed RedisRaider by Datadog Security Labs.
""RedisRaider aggressively scans randomized portions of the IPv4 space and uses legitimate Redis configuration commands to execute malicious cron jobs on vulnerable systems,"""
33,Malicious PyPI Packages Exploit Instagram and TikTok APIs to Validate User Accounts,https://thehackernews.com/2025/05/malicious-pypi-packages-exploit.html,"Tue, 20 May 2025 11:19:00 +0530","Cybersecurity researchers have uncovered malicious packages uploaded to the Python Package Index (PyPI) repository that act as checker tools to validate stolen email addresses against TikTok and Instagram APIs.
All three packages are no longer available on PyPI. The names of the Python packages are below -

checker-SaGaF (2,605 downloads)
steinlurks (1,049 downloads)
sinnercore (3,300 downloads)"
34,RVTools Official Site Hacked to Deliver Bumblebee Malware via Trojanized Installer,https://thehackernews.com/2025/05/rvtools-official-site-hacked-to-deliver.html,"Mon, 19 May 2025 21:18:00 +0530","The official site for RVTools has been hacked to serve a compromised installer for the popular VMware environment reporting utility.
""Robware.net and RVTools.com are currently offline. We are working expeditiously to restore service and appreciate your patience,"" the company said in a statement posted on its website.
""Robware.net and RVTools.com are the only authorized and supported websites for"
35,Ransomware Gangs Use Skitnet Malware for Stealthy Data Theft and Remote Access,https://thehackernews.com/2025/05/ransomware-gangs-use-skitnet-malware.html,"Mon, 19 May 2025 20:08:00 +0530","Several ransomware actors are using a malware called Skitnet as part of their post-exploitation efforts to steal sensitive data and establish remote control over compromised hosts.
""Skitnet has been sold on underground forums like RAMP since April 2024,"" Swiss cybersecurity company PRODAFT told The Hacker News. ""However, since early 2025, we have observed multiple ransomware operators using it"
36,Why CTEM is the Winning Bet for CISOs in 2025,https://thehackernews.com/2025/05/why-ctem-is-winning-bet-for-cisos-in.html,"Mon, 19 May 2025 16:30:00 +0530","Continuous Threat Exposure Management (CTEM) has moved from concept to cornerstone, solidifying its role as a strategic enabler for CISOs. No longer a theoretical framework, CTEM now anchors today’s cybersecurity programs by continuously aligning security efforts with real-world risk.
At the heart of CTEM is the integration of Adversarial Exposure Validation (AEV), an advanced, offensive"
37,Firefox Patches 2 Zero-Days Exploited at Pwn2Own Berlin with $100K in Rewards,https://thehackernews.com/2025/05/firefox-patches-2-zero-days-exploited.html,"Mon, 19 May 2025 16:07:00 +0530","Mozilla has released security updates to address two critical security flaws in its Firefox browser that could be potentially exploited to access sensitive data or achieve code execution.
The vulnerabilities, both of which were exploited as a zero-day at Pwn2Own Berlin, are listed below -

CVE-2025-4918 - An out-of-bounds access vulnerability when resolving Promise objects that could allow an"
38,"? Weekly Recap: Zero-Day Exploits, Insider Threats, APT Targeting, Botnets and More",https://thehackernews.com/2025/05/weekly-recap-zero-day-exploits-insider.html,"Mon, 19 May 2025 15:30:00 +0530","Cybersecurity leaders aren’t just dealing with attacks—they’re also protecting trust, keeping systems running, and maintaining their organization’s reputation. This week’s developments highlight a bigger issue: as we rely more on digital tools, hidden weaknesses can quietly grow.&nbsp;
Just fixing problems isn’t enough anymore—resilience needs to be built into everything from the ground up."
39,[Webinar] From Code to Cloud to SOC: Learn a Smarter Way to Defend Modern Applications,https://thehackernews.com/2025/05/from-code-to-cloud-to-soc-learn-smarter.html,"Sat, 17 May 2025 09:37:00 +0530","Modern apps move fast—faster than most security teams can keep up. As businesses rush to build in the cloud, security often lags behind. Teams scan code in isolation, react late to cloud threats, and monitor SOC alerts only after damage is done.
Attackers don’t wait. They exploit vulnerabilities within hours. Yet most organizations take days to respond to critical cloud alerts. That delay isn’t"
40,New HTTPBot Botnet Launches 200+ Precision DDoS Attacks on Gaming and Tech Sectors,https://thehackernews.com/2025/05/new-httpbot-botnet-launches-200.html,"Fri, 16 May 2025 17:07:00 +0530","Cybersecurity researchers are calling attention to a new botnet malware called HTTPBot that has been used to primarily single out the gaming industry, as well as technology companies and educational institutions in China.
""Over the past few months, it has expanded aggressively, continuously leveraging infected devices to launch external attacks,"" NSFOCUS said in a report published this week. ""By"
41,Top 10 Best Practices for Effective Data Protection,https://thehackernews.com/2025/05/top-10-best-practices-for-effective.html,"Fri, 16 May 2025 16:00:00 +0530","Data is the lifeblood of productivity, and protecting sensitive data is more critical than ever. With cyber threats evolving rapidly and data privacy regulations tightening, organizations must stay vigilant and proactive to safeguard their most valuable assets. But how do you build an effective data protection framework?
In this article, we'll explore data protection best practices from meeting"
42,Researchers Expose New Intel CPU Flaws Enabling Memory Leaks and Spectre v2 Attacks,https://thehackernews.com/2025/05/researchers-expose-new-intel-cpu-flaws.html,"Fri, 16 May 2025 14:38:00 +0530","Researchers at ETH Zürich have discovered yet another security flaw that they say impacts all modern Intel CPUs and causes them to leak sensitive data from memory, showing that the vulnerability known as Spectre continues to haunt computer systems after more than seven years.
The vulnerability, referred to as Branch Privilege Injection (BPI), ""can be exploited to misuse the prediction"
43,Fileless Remcos RAT Delivered via LNK Files and MSHTA in PowerShell-Based Attacks,https://thehackernews.com/2025/05/fileless-remcos-rat-delivered-via-lnk.html,"Fri, 16 May 2025 13:26:00 +0530","Cybersecurity researchers have shed light on a new malware campaign that makes use of a PowerShell-based shellcode loader to deploy a remote access trojan called Remcos RAT.
""Threat actors delivered malicious LNK files embedded within ZIP archives, often disguised as Office documents,"" Qualys security researcher Akshay Thorve said in a technical report. ""The attack chain leverages mshta.exe for"
44,Noyb Threatens Meta with Lawsuit for Violating GDPR to Train AI on E.U. User Data From May 27,https://thehackernews.com/2025/05/meta-to-train-ai-on-eu-user-data-from.html,"Thu, 15 May 2025 22:15:00 +0530","Austrian privacy non-profit noyb (none of your business) has sent Meta's Irish headquarters a cease-and-desist letter, threatening the company with a class action lawsuit if it proceeds with its plans to train users' data for training its artificial intelligence (AI) models without an explicit opt-in.
The move comes weeks after the social media behemoth announced its plans to train its AI models"
45,"Coinbase Agents Bribed, Data of ~1% Users Leaked; $20M Extortion Attempt Fails",https://thehackernews.com/2025/05/coinbase-agents-bribed-data-of-1-users.html,"Thu, 15 May 2025 19:58:00 +0530","Cryptocurrency exchange Coinbase has disclosed that unknown cyber actors broke into its systems and stole account data for a small subset of its customers.
""Criminals targeted our customer support agents overseas,"" the company said in a statement. ""They used cash offers to convince a small group of insiders to copy data in our customer support tools for less than 1% of Coinbase monthly"
46,Pen Testing for Compliance Only? It's Time to Change Your Approach,https://thehackernews.com/2025/05/pen-testing-for-compliance-only-its.html,"Thu, 15 May 2025 16:55:00 +0530","Imagine this: Your organization completed its annual penetration test in January, earning high marks for security compliance. In February, your development team deployed a routine software update. By April, attackers had already exploited a vulnerability introduced in that February update, gaining access to customer data weeks before being finally detected.
This situation isn't theoretical: it"
47,New Chrome Vulnerability Enables Cross-Origin Data Leak via Loader Referrer Policy,https://thehackernews.com/2025/05/new-chrome-vulnerability-enables-cross.html,"Thu, 15 May 2025 16:13:00 +0530","Google on Wednesday released updates to address four security issues in its Chrome web browser, including one for which it said there exists an exploit in the wild.
The high-severity vulnerability, tracked as CVE-2025-4664 (CVSS score: 4.3), has been characterized as a case of insufficient policy enforcement in a component called Loader.
""Insufficient policy enforcement in Loader in Google"
48,5 BCDR Essentials for Effective Ransomware Defense,https://thehackernews.com/2025/05/top-5-bcdr-capabilities-for-ransomware-defense.html,"Thu, 15 May 2025 16:00:00 +0530","Ransomware has evolved into a deceptive, highly coordinated and dangerously sophisticated threat capable of crippling organizations of any size. Cybercriminals now exploit even legitimate IT tools to infiltrate networks and launch ransomware attacks. In a chilling example, Microsoft recently disclosed how threat actors misused its Quick Assist remote assistance tool to deploy the destructive"
49,Russia-Linked APT28 Exploited MDaemon Zero-Day to Hack Government Webmail Servers,https://thehackernews.com/2025/05/russia-linked-apt28-exploited-mdaemon.html,"Thu, 15 May 2025 15:35:00 +0530","A Russia-linked threat actor has been attributed to a cyber espionage operation targeting webmail servers such as Roundcube, Horde, MDaemon, and Zimbra via cross-site scripting (XSS) vulnerabilities, including a then-zero-day in MDaemon, according to new findings from ESET.
The activity, which commenced in 2023, has been codenamed Operation RoundPress by the Slovak cybersecurity company. It has"
50,Oops: DanaBot Malware Devs Infected Their Own PCs,https://krebsonsecurity.com/2025/05/oops-danabot-malware-devs-infected-their-own-pcs/,"Thu, 22 May 2025 21:53:21 +0000","The U.S. government today unsealed criminal charges against 16 individuals accused of operating and selling DanaBot, a prolific strain of information-stealing malware that has been sold on Russian cybercrime forums since 2018. The FBI says a newer version of DanaBot was used for espionage, and that many of the defendants exposed their real-life identities after accidentally infecting their own systems with the malware."
51,KrebsOnSecurity Hit With Near-Record 6.3 Tbps DDoS,https://krebsonsecurity.com/2025/05/krebsonsecurity-hit-with-near-record-6-3-tbps-ddos/,"Tue, 20 May 2025 21:30:30 +0000","KrebsOnSecurity last week was hit by a near record distributed denial-of-service (DDoS) attack that clocked in at more than 6.3 terabits of data per second (a terabit is one trillion bits of data). The brief attack appears to have been a test run for a massive new Internet of Things (IoT) botnet capable of launching crippling digital assaults that few web destinations can withstand. Read on for more about the botnet, the attack, and the apparent creator of this global menace."
52,Breachforums Boss to Pay $700k in Healthcare Breach,https://krebsonsecurity.com/2025/05/breachforums-boss-to-pay-700k-in-healthcare-breach/,"Thu, 15 May 2025 19:56:51 +0000","In what experts are calling a novel legal outcome, the 22-year-old former administrator of the cybercrime community Breachforums will forfeit nearly $700,000 to settle a civil lawsuit from a health insurance company whose customer data was posted for sale on the forum in 2023. Conor Brian Fitzpatrick, a.k.a. ""Pompompurin,"" is slated for resentencing next month after pleading guilty to access device fraud and possession of child sexual abuse material (CSAM)."
53,"Patch Tuesday, May 2025 Edition",https://krebsonsecurity.com/2025/05/patch-tuesday-may-2025-edition/,"Wed, 14 May 2025 11:57:48 +0000","Microsoft on Tuesday released software updates to fix at least 70 vulnerabilities in Windows and related products, including five zero-day flaws that are already seeing active exploitation. Adding to the sense of urgency with this month's patch batch from Redmond are fixes for two other weaknesses that now have public proof-of-concept exploits available."
54,"Pakistani Firm Shipped Fentanyl Analogs, Scams to US",https://krebsonsecurity.com/2025/05/pakistani-firm-shipped-fentanyl-analogs-scams-to-us/,"Wed, 07 May 2025 22:22:48 +0000","A Texas firm recently charged with conspiring to distribute synthetic opioids in the United States is at the center of a vast network of companies in the U.S. and Pakistan whose employees are accused of using online ads to scam westerners seeking help with trademarks, book writing, mobile app development and logo designs, a new investigation reveals."
55,"xAI Dev Leaks API Key for Private SpaceX, Tesla LLMs",https://krebsonsecurity.com/2025/05/xai-dev-leaks-api-key-for-private-spacex-tesla-llms/,"Fri, 02 May 2025 00:52:00 +0000","A employee at Elon Musk's artificial intelligence company xAI leaked a private key on GitHub that for the past two months could have allowed anyone to query private xAI large language models (LLMs) which appear to have been custom made for working with internal data from Musk's companies, including SpaceX, Tesla and Twitter/X, KrebsOnSecurity has learned."
56,Alleged ‘Scattered Spider’ Member Extradited to U.S.,https://krebsonsecurity.com/2025/04/alleged-scattered-spider-member-extradited-to-u-s/,"Wed, 30 Apr 2025 21:54:59 +0000","A 23-year-old Scottish man thought to be a member of the prolific Scattered Spider cybercrime group was extradited last week from Spain to the United States, where he is facing charges of wire fraud, conspiracy and identity theft. U.S. prosecutors allege Tyler Robert Buchanan and co-conspirators hacked into dozens of companies in the United States and abroad, and that he personally controlled more than $26 million stolen from victims."
57,DOGE Worker’s Code Supports NLRB Whistleblower,https://krebsonsecurity.com/2025/04/doge-workers-code-supports-nlrb-whistleblower/,"Wed, 23 Apr 2025 20:45:04 +0000","A whistleblower at the National Labor Relations Board (NLRB) alleged last week that denizens of Elon Musk's Department of Government Efficiency (DOGE) siphoned gigabytes of data from the agency's sensitive case files in early March. The whistleblower said accounts created for DOGE at the NLRB downloaded three code repositories from GitHub. Further investigation into one of those code bundles shows it is remarkably similar to a program published in January 2025 by Marko Elez, a 25-year-old DOGE employee who has worked at a number of Musk's companies."
58,Whistleblower: DOGE Siphoned NLRB Case Data,https://krebsonsecurity.com/2025/04/whistleblower-doge-siphoned-nlrb-case-data/,"Tue, 22 Apr 2025 01:48:27 +0000","A security architect with the National Labor Relations Board (NLRB) alleges that employees from Elon Musk's Department of Government Efficiency (DOGE) transferred gigabytes of sensitive data from agency case files in early March, using short-lived accounts configured to leave few traces of network activity. The NLRB whistleblower said the unusual large data outflows coincided with multiple blocked login attempts from an Internet address in Russia that tried to use valid credentials for a newly-created DOGE user account."
59,Funding Expires for Key Cyber Vulnerability Database,https://krebsonsecurity.com/2025/04/funding-expires-for-key-cyber-vulnerability-database/,"Wed, 16 Apr 2025 03:59:18 +0000","A critical resource that cybersecurity professionals worldwide rely on to identify, mitigate and fix security vulnerabilities in software and hardware is in danger of breaking down. The federally funded, non-profit research and development organization MITRE warned today that its contract to maintain the Common Vulnerabilities and Exposures (CVE) program -- which is traditionally funded each year by the Department of Homeland Security -- expires on April 16."
60,Friday Squid Blogging: US Naval Ship Attacked by Squid in 1978,https://www.schneier.com/blog/archives/2025/05/friday-squid-blogging-us-naval-ship-attacked-by-squid-in-1978.html,2025-05-23T21:02:10Z," was underway when her anti-submarine sonar gear suddenly stopped working. On returning to port and putting the ship in a drydock, engineers observed many deep scratches in the sonar domes rubber NOFOUL coating. In some areas, the coating was described as being shredded, with rips up to four feet long. Large claws were left embedded at the bottom of most of the scratches.
As usual, you can also use this squid post to talk about the security stories in the news that I haven't."
61,Signal Blocks Windows Recall,https://www.schneier.com/blog/archives/2025/05/signal-blocks-windows-recall.html,2025-05-23T11:02:59Z,"gives a good rundown of the security risks of Windows Recall, and the repurposed copyright protection took that Signal used to block the AI feature from scraping Signal data."
62,The Voter Experience,https://www.schneier.com/blog/archives/2025/05/the-voter-experience.html,2025-05-22T11:06:44Z,"Technology and innovation have transformed every part of society, including our electoral experiences. Campaigns are spending and doing more than at any other time in history. Ever-growing war chests fuel billions of voter contacts every cycle. Campaigns now have better ways of scaling outreach methods and offer volunteers and donors more efficient ways to contribute time and money. Campaign staff have adapted to vast changes in media and social media landscapes, and use data analytics to forecast voter turnout and behavior.</p>
Yet despite these unprecedented investments in mobilizing voters, overall trust in electoral health, democratic institutions, voter satisfaction, and electoral engagement has significantly declined. What might we be missing?"
63,More AIs Are Taking  Polls and Surveys,https://www.schneier.com/blog/archives/2025/05/more-ais-are-taking-polls-and-surveys.html,2025-05-21T11:03:59Z,"We need to move past bland, grid-filled surveys and start designing experiences people actually want to complete. That means mobile-first layouts, shorter runtimes, and maybe even a dash of storytelling. TikTok or dating app style surveys wouldnt be a bad idea or is that just me being too much Gen Z
Theres a growing toolkit of ways to spot AI-generated responses using things like response entropy, writing style patterns or even metadata like keystroke timing. Platforms should start integrating these detection tools more widely. Ideally, you introduce an element that only humans can do, e.g., you have to pick up your price somewhere in-person. Btw, note that these bots can easily be designed to find ways around the most common detection tactics such as Captchas, timed responses and postcode and IP recognition. Believe me, way less code than you suspect is needed to do this."
64,DoorDash Hack,https://www.schneier.com/blog/archives/2025/05/doordash-hack.html,2025-05-20T11:05:00Z,"The driver, Sayee Chaitainya Reddy Devagiri, placed expensive orders from a fraudulent customer account in the DoorDash app. Then, using DoorDash employee credentials, he manually assigned the orders to driver accounts he and the others involved had created. Devagiri would then mark the undelivered orders as complete and prompt DoorDash&#8217;s system to pay the driver accounts. Then hed switch those same orders back to in process and do it all over again. Doing this took less than five minutes, and was repeated hundreds of times for many of the orders, writes the US Attorney Office.."
65,The NSA’s “Fifty Years of Mathematical Cryptanalysis (1937–1987)”,https://www.schneier.com/blog/archives/2025/05/the-nsas-fifty-years-of-mathematical-cryptanalysis-1937-1987.html,2025-05-19T11:06:23Z,"In response to a FOIA request, the NSA released Fifty Years of Mathematical Cryptanalysis (1937-1987) by Glenn F. Stahly, with a lot of redactions.
Weirdly, this is the second time the NSA has declassified the document. John Young got a in 2019. This one has a few less redactions. And nothing that was provided in 2019 was redacted here.
If you find anything interesting in the document, please tell us about it in the comments."
66,Friday Squid Blogging: Pet Squid Simulation,https://www.schneier.com/blog/archives/2025/05/friday-squid-blogging-pet-squid-simulation.html,2025-05-16T21:05:32Z,"Autonomous Behavior:
The squid moves autonomously, making decisions based on his current state (hunger, sleepiness, etc.).
Implements a vision cone for food detection, simulating realistic foraging behavior.
Neural network can make decisions and form associations.
Weights are analysed, tweaked and trained by Hebbian learning algorithm.
Experiences from short-term and long-term memory can influence decision-making.
Squid can create new neurons in response to his environment (Neurogenesis) .."
67,Communications Backdoor in Chinese Power Inverters,https://www.schneier.com/blog/archives/2025/05/communications-backdoor-in-chinese-power-inverters.html,2025-05-16T13:55:28Z,"U.S. energy officials are reassessing the risk posed by Chinese-made devices that play a critical role in renewable energy infrastructure after unexplained communication equipment was found inside some of them, two people familiar with the matter said.
Over the past nine months, undocumented communication devices, including cellular radios, have also been found in some batteries from multiple Chinese suppliers, one of them said.
Reuters was unable to determine how many solar power inverters and batteries they have looked at.."
68,AI-Generated Law,https://www.schneier.com/blog/archives/2025/05/ai-generated-law.html,2025-05-15T11:00:33Z,"On April 14, Dubais ruler, Sheikh Mohammed bin Rashid Al Maktoum, announced that the United Arab Emirates would begin using artificial intelligence to help write its laws. A new Regulatory Intelligence Office would use the technology to ;regularly suggest updates; to the law and;accelerate the issuance of legislation by up to 70%.AI would create a comprehensive legislative plan spanning local and federal law and would be connected to public administration, the courts, and global policy trends.
The plan was widely greeted with astonishment. This sort of AI legislating would be a global."
69,Upcoming Speaking Engagements,https://www.schneier.com/blog/archives/2025/05/upcoming-speaking-engagements-46.html,2025-05-14T16:05:01Z,This is a current list of where and when I am scheduled to speak.
70,Student Loan Breach Exposes 2.5M Records,https://threatpost.com/student-loan-breach-exposes-2-5m-records/180492/,"Wed, 31 Aug 2022 12:57:48 +0000","2.5 million people were affected, in a breach that could spell more trouble down the line."
71,Watering Hole Attacks Push ScanBox Keylogger,https://threatpost.com/watering-hole-attacks-push-scanbox-keylogger/180490/,"Tue, 30 Aug 2022 16:00:43 +0000","Researchers uncover a watering hole attack likely carried out by APT TA423, which attempts to plant the ScanBox JavaScript-based reconnaissance tool."
72,Tentacles of ‘0ktapus’ Threat Group Victimize 130 Firms,https://threatpost.com/0ktapus-victimize-130-firms/180487/,"Mon, 29 Aug 2022 14:56:19 +0000",Over 130 companies tangled in sprawling phishing campaign that spoofed a multi-factor authentication system.
73,Ransomware Attacks are on the Rise,https://threatpost.com/ransomware-attacks-are-on-the-rise/180481/,"Fri, 26 Aug 2022 16:44:27 +0000","Lockbit is by far this summer’s most prolific ransomware group, trailed by two offshoots of the Conti group."
74,Cybercriminals Are Selling Access to Chinese Surveillance Cameras,https://threatpost.com/cybercriminals-are-selling-access-to-chinese-surveillance-cameras/180478/,"Thu, 25 Aug 2022 18:47:15 +0000","Tens of thousands of cameras have failed to patch a critical, 11-month-old CVE, leaving thousands of organizations exposed."
75,Twitter Whistleblower Complaint: The TL;DR Version,https://threatpost.com/twitter-whistleblower-tldr-version/180472/,"Wed, 24 Aug 2022 14:17:04 +0000",Twitter is blasted for security and privacy lapses by the company’s former head of security who alleges the social media giant’s actions amount to a national security risk.
76,Firewall Bug Under Active Attack Triggers CISA Warning,https://threatpost.com/firewall-bug-under-active-attack-cisa-warning/180467/,"Tue, 23 Aug 2022 13:19:58 +0000",CISA is warning that Palo Alto Networks’ PAN-OS is under active attack and needs to be patched ASAP.
77,Fake Reservation Links Prey on Weary Travelers,https://threatpost.com/reservation-links-prey-on-travelers/180462/,"Mon, 22 Aug 2022 13:59:06 +0000","Fake travel reservations are exacting more pain from the travel weary, already dealing with the misery of canceled flights and overbooked hotels."
78,iPhone Users Urged to Update to Patch 2 Zero-Days,https://threatpost.com/iphone-users-urged-to-update-to-patch-2-zero-days-under-attack/180448/,"Fri, 19 Aug 2022 15:25:56 +0000",Separate fixes to macOS and iOS patch respective flaws in the kernel and WebKit that can allow threat actors to take over devices and are under attack.
79,Google Patches Chrome’s Fifth Zero-Day of the Year,https://threatpost.com/google-patches-chromes-fifth-zero-day-of-the-year/180432/,"Thu, 18 Aug 2022 14:31:38 +0000","An insufficient validation input flaw, one of 11 patched in an update this week, could allow for arbitrary code execution and is under active attack."
80,Why app modernization can leave you less secure,https://www.helpnetsecurity.com/2025/05/27/application-identity-modernization-risks/,"Tue, 27 May 2025 06:00:05 +0000","Enterprises typically “modernize” access patterns for an application by enabling industry standard protocols like OIDC or SAML to provide single sign-on (SSO) for legacy apps via a cloud identity provider (IDP). That’s a major step towards better user experience, improved credential hygiene, and centralized authentication, but it is not enough. Most modernization projects stop at the authentication layer, believing that identity transformation is complete once SAML or OIDC is wired up. "
81,How AI agents reshape industrial automation and risk management,https://www.helpnetsecurity.com/2025/05/27/michael-metzler-siemens-ai-agents-industrial-environments/,"Tue, 27 May 2025 05:30:38 +0000","In this Help Net Security interview, Michael Metzler, Vice President Horizontal Management Cybersecurity for Digital Industries at Siemens, discusses the cybersecurity implications of deploying AI agents in industrial environments. He talks about the risks that come with AI agents making semi-autonomous decisions, and why a layered security approach like Defense-in-Depth is key to keeping industrial systems safe. What are the implications of an AI agent being compromised in a critical infrastructure environment."
82,How well do you know your remote IT worker?,https://www.helpnetsecurity.com/2025/05/27/fake-it-workers-cybersecurity-threat/,"Tue, 27 May 2025 05:00:21 +0000","Is the remote IT worker you recently hired really who he says he is? Fake IT workers are slipping into companies around the world, gaining access to sensitive data. Recently, more of these schemes have been linked to North Korea. They don’t just steal crypto or deliver malware. Now, they log into your systems as employees. This is no longer just a cybersecurity issue, it’s a growing geopolitical threat. There may be hundreds of thousands."
83,4.5% of breaches now extend to fourth parties,https://www.helpnetsecurity.com/2025/05/27/third-party-breaches-increase/,"Tue, 27 May 2025 04:30:25 +0000","Security teams can no longer afford to treat third-party security as a compliance checkbox, according to SecurityScorecard. Traditional vendor risk assessments, conducted annually or quarterly, are too slow to detect active threats. 35.5% of all breaches in 2024 were third-party related, a 6.5% increase from 2023. This figure is likely conservative due to underreporting and misclassification. So while you’re updating your firewall rules, somewhere in your supply chain a vendor might be inadvertently letting in."
84,"Cybersecurity jobs available right now: May 27, 2025",https://www.helpnetsecurity.com/2025/05/27/cybersecurity-jobs-available-right-now-may-27-2025/,"Tue, 27 May 2025 04:00:04 +0000","Application Security Engineer, SDO AppSec Amazon &#124; EMEA &#124; Hybrid &#8211; View job details As an Application Security Engineer, SDO AppSec, you will be responsible for creating, updating, and maintaining threat models across a diverse range of software projects. Part of your role will involve developing security automation tools to enhance efficiency and consistency. You will perform adversarial security analysis, leveraging tools to complement manual testing efforts. "
85,LlamaFirewall: Open-source framework to detect and mitigate AI centric security risks,https://www.helpnetsecurity.com/2025/05/26/llamafirewall-open-source-framework-detect-mitigate-ai-centric-security-risks/,"Mon, 26 May 2025 05:35:49 +0000","LlamaFirewall is a system-level security framework for LLM-powered applications, built with a modular design to support layered, adaptive defense. It is designed to mitigate a wide spectrum of AI agent security risks including jailbreaking and indirect prompt injection, goal hijacking, and insecure code outputs. Why Meta created LlamaFirewall LLMs are moving far beyond simple chatbot use cases and becoming core components of high-trust, autonomous systems. With this growing sophistication comes a corresponding rise in security."
86,Why layoffs increase cybersecurity risks,https://www.helpnetsecurity.com/2025/05/26/layoffs-cybersecurity-risks/,"Mon, 26 May 2025 05:30:26 +0000","A wave of layoffs has swept through the tech industry, leaving IT teams in a rush to revoke all access those employees may have had. Additionally, 54% of tech hiring managers say their companies are likely to conduct layoffs within the next year, and 45% say employees whose roles can be replaced by AI are most likely to be let go, according to General Assembly. Taking away access to company data the moment someone leaves."
87,NIST proposes new metric to gauge exploited vulnerabilities,https://www.helpnetsecurity.com/2025/05/26/nist-likely-exploited-vulnerabilities/,"Mon, 26 May 2025 05:00:27 +0000","NIST has introduced a new way to estimate which software vulnerabilities have likely been exploited, and it&#8217;s calling on the cybersecurity community to help improve and validate the method. The new metric, “Likely Exploited Vulnerabilities” (LEV), aims to close a key gap in vulnerability management: identifying which of the thousands of reported flaws each year are actually being used in real-world attacks. Organizations typically rely on two main tools for this: the Exploit Prediction Scoring."
88,Cyber threats are changing and here’s what you should watch for,https://www.helpnetsecurity.com/2025/05/26/cyber-threats-2025-video/,"Mon, 26 May 2025 04:30:06 +0000","In this Help Net Security video, Stefan Tanase, Cyber Intelligence Expert at CSIS, gives an overview of how cybercriminals are changing their tactics, including using legitimate tools to avoid detection and developing more advanced info-stealing malware. Tanase also talks about new social engineering tricks like fake CAPTCHAs, changes in ransomware patterns, and the rise of mobile phishing attacks."
89,AI forces security leaders to rethink hybrid cloud strategies,https://www.helpnetsecurity.com/2025/05/26/ai-hybrid-cloud-infrastructure-concerns/,"Mon, 26 May 2025 04:00:10 +0000","Hybrid cloud infrastructure is under mounting strain from the growing influence of AI, according to Gigamon. Cyberthreats grow in scale and sophistication As cyberthreats increase in both scale and sophistication, breach rates have surged to 55% during the past year, representing a 17% year-on-year rise, with AI-generated attacks emerging as a key driver of this growth. Security and IT teams are being pushed to a breaking point, with the economic cost of cybercrime now estimated."
